Feature,Importance,Std
tasmin,0.013148788927335708,0.005085445832767843
max_air_temp_snc_last_reset,0.007958477508650585,0.005371686746110735
avg_wnd_spd_10m_pst10mts,0.007266435986159214,0.005882352941176473
air_temp,0.007266435986159214,0.006082489907005872
avg_rel_hum_pst1hr,0.006574394463667898,0.005236244273502289
TempC,0.006574394463667898,0.0073320484776529795
pcpn_amt_pst1hr,0.006574394463667888,0.005002364115848096
Snow_WE,0.005536332179930858,0.005178764549168084
avg_wnd_dir_10m_pst10mts,0.0055363321799308364,0.006228373702422175
tasmax,0.005190311418685189,0.005416081606400904
air_temp_2,0.005190311418685178,0.006789417602196756
AirTemperature,0.004844290657439509,0.005831245517769127
cum_pcpn_amt,0.0044982698961938405,0.004655233234281591
Year,0.004498269896193829,0.007744992832387364
SolarRadiationWm,0.004498269896193829,0.006754055811745044
Month,0.004498269896193829,0.005590136477994307
MAX_TEMP,0.004498269896193808,0.006003235838372836
DayOfYear,0.003806228373702469,0.005460115514899509
Rain,0.0034602076124568004,0.006189807550172456
mslp,0.0034602076124568004,0.002680265291493063
snwfl_amt_pst1hr,0.0027681660899654516,0.005085445832767848
snw_dpth,0.0024221453287197716,0.005143968424677712
TEMP_MEAN,0.002422145328719749,0.007266435986159205
RH,0.0017301038062284223,0.007133400736362753
WDIR_VECT,0.0013840830449827646,0.009564204125318542
WSPD_SCLR,0.0010380622837370735,0.006754055811745037
Latitude,0.0010380622837370622,0.0034774656128446235
min_air_temp_snc_last_reset,0.0010380622837370512,0.0031141868512110918
stn_pres,0.0006920415224913823,0.004035260826882562
Wetness,0.0006920415224913711,0.007057466454799723
rnfl_amt_pst1hr,0.0006920415224913601,0.0013840830449827202
HUMIDITY,0.0003460207612457133,0.005236244273502281
avg_air_temp_pst1hr,4.4408920985006264e-17,0.007091315408968592
rel_hum,2.2204460492503132e-17,0.0026802652914930344
rnfl_amt_pst24hrs,-0.00034602076124564676,0.0024221453287197174
PRECIP_TOTAL,-0.0006920415224913156,0.0037267576519962103
relative_humidity,-0.0020761245674740135,0.004693653967560742
Longitude,-0.0024221453287196827,0.00638968349917626
RelativeHumidity,-0.0027681660899653514,0.0073889814892950205
BAR_PRESS,-0.0038062283737023916,0.005675162445279155
